#Data tag : 24v1 , Norm tag: None
#run:fill,time,nls,ncms,delivered(/fb),recorded(/fb)
272007:4879,04/28/16 22:38:11,6,1,0.000028339,0.000000189
272008:4879,04/28/16 22:40:26,31,31,0.000146981,0.000135046
272010:4879,04/28/16 22:59:33,24,24,0.000112211,0.000101590
272011:4879,04/28/16 23:11:45,187,179,0.000834843,0.000730145
272012:4879,04/29/16 00:32:26,193,189,0.000964703,0.000816207
272014:4879,04/29/16 01:56:35,112,103,0.000541374,0.000406719
272016:4879,04/29/16 02:52:57,42,33,0.000198685,0.000134153
272017:4879,04/29/16 03:11:32,2,2,0.000009420,0.000007833
272019:4879,04/29/16 03:40:59,22,18,0.000101676,0.000077728
272021:4879,04/29/16 03:57:44,125,123,0.000566202,0.000445493
272022:4879,04/29/16 05:05:06,69,69,0.000256815,0.000227999
272760:4888,05/06/16 23:47:16,21,18,0.000002861,0.000001901
272761:4888,05/06/16 23:55:23,85,78,0.000014963,0.000010771
272762:4888,05/07/16 00:28:08,108,108,0.000018427,0.000015414
272774:4889,05/07/16 03:50:03,14,12,0.000057156,0.000039778
272775:4889,05/07/16 03:56:32,204,204,0.000857186,0.000693144
272776:4889,05/07/16 05:18:51,105,105,0.000397043,0.000357365
272782:4890,05/07/16 10:17:47,34,34,0.000140987,0.000106769
272783:4890,05/07/16 10:34:03,151,149,0.000615274,0.000545740
272784:4890,05/07/16 11:33:35,305,298,0.001168938,0.001013900
272785:4890,05/07/16 13:31:50,149,144,0.000543897,0.000474634
272786:4890,05/07/16 14:29:31,59,59,0.000211397,0.000190811
272798:4892,05/07/16 18:58:40,1710,1710,0.007979647,0.007362653
272811:4895,05/08/16 14:55:39,95,91,0.002142062,0.001747912
272812:4895,05/08/16 15:33:21,380,372,0.008617744,0.007584625
272814:4895,05/08/16 18:00:56,9,8,0.000195741,0.000155987
272815:4895,05/08/16 18:05:47,22,18,0.000472125,0.000344231
272816:4895,05/08/16 18:16:08,35,33,0.000739045,0.000462725
272818:4895,05/08/16 18:31:31,620,620,0.012643084,0.011449725
272827:4896,05/09/16 01:27:04,14,8,0.000368284,0.000025840
272828:4896,05/09/16 01:32:47,59,56,0.001447300,0.000354064
272922:4905,05/10/16 00:56:11,20,17,0.000489369,0.000092258
272923:4905,05/10/16 01:05:14,32,25,0.000783207,0.000172576
272924:4905,05/10/16 01:17:39,22,19,0.000532394,0.000000125
272925:4905,05/10/16 01:26:56,9,3,0.000202361,0.000000941
272926:4905,05/10/16 01:30:35,22,22,0.000425548,0.000000171
272927:4905,05/10/16 01:41:38,73,66,0.001743188,0.000199397
272930:4905,05/10/16 02:23:40,164,164,0.003802010,0.003518880
272936:4906,05/10/16 06:16:27,355,355,0.008636881,0.007790990
273013:4910,05/10/16 21:20:09,305,304,0.007415961,0.006617613
273017:4910,05/10/16 23:31:38,928,928,0.020137300,0.018351585
273150:4915,05/11/16 22:24:04,12,12,0.000586160,0.000388949
273158:4915,05/11/16 22:42:35,1283,1279,0.054088333,0.050641511
273290:4919,05/12/16 22:17:17,13,7,0.000597831,0.000004454
273291:4919,05/12/16 22:23:51,83,77,0.003577213,0.002783239
273292:4919,05/12/16 22:55:57,21,15,0.000949648,0.000008148
273294:4919,05/12/16 23:04:34,8,3,0.000360575,0.000000117
273295:4919,05/12/16 23:08:46,11,11,0.000494681,0.000000416
273299:4919,05/12/16 23:55:32,47,43,0.002067052,0.001769931
273301:4919,05/13/16 00:14:12,614,608,0.025349712,0.023689490
273302:4919,05/13/16 04:13:38,459,459,0.017147626,0.016450122
273402:4924,05/14/16 03:49:19,193,193,0.007022182,0.006643308
273403:4924,05/14/16 05:05:27,68,65,0.002481803,0.001837158
273404:4924,05/14/16 05:31:50,22,22,0.000797626,0.000616225
273405:4924,05/14/16 05:42:09,34,29,0.001226603,0.000840323
273406:4924,05/14/16 05:56:09,125,117,0.004440767,0.003803281
273407:4924,05/14/16 06:45:59,9,3,0.000317356,0.000000384
273408:4924,05/14/16 06:52:04,9,8,0.000315501,0.000181778
273409:4924,05/14/16 06:56:41,317,314,0.010855813,0.009512812
273410:4924,05/14/16 08:59:49,99,98,0.003294021,0.002753036
273411:4924,05/14/16 09:38:50,29,29,0.000791341,0.000741045
273425:4925,05/14/16 13:17:57,681,679,0.028740240,0.026984921
273426:4925,05/14/16 17:44:51,65,65,0.002394732,0.002055525
273445:4926,05/14/16 22:04:03,3,1,0.000210870,0
273446:4926,05/14/16 22:06:55,48,46,0.003362673,0.002161349
273447:4926,05/14/16 22:26:09,420,420,0.028037767,0.026208997
273448:4926,05/15/16 01:11:51,396,396,0.024328483,0.022865029
273449:4926,05/15/16 03:48:09,216,216,0.012516555,0.011832253
273450:4926,05/15/16 05:19:37,647,647,0.034124287,0.032675810
273492:4930,05/16/16 11:07:35,273,269,0.013170592,0.012326826
273493:4930,05/16/16 12:54:39,241,236,0.011385362,0.010582760
273494:4930,05/16/16 14:28:40,192,192,0.008782866,0.008498378
273502:4935,05/16/16 22:00:07,1005,1000,0.049773417,0.047354006
273503:4935,05/17/16 04:31:25,598,598,0.026370330,0.025558231
273522:4937,05/17/16 14:11:24,42,37,0.000001564,0.000001277
273523:4937,05/17/16 14:27:52,228,227,0.000003604,0.000003505
273526:4937,05/17/16 16:09:04,33,30,0.000000598,0.000000455
273531:4937,05/17/16 16:25:01,279,277,0.000003141,0.000003037
273537:4937,05/17/16 18:17:08,777,777,0.000012630,0.000012462
273554:4942,05/18/16 07:30:44,370,366,0.028742221,0.026915316
273555:4942,05/18/16 09:55:51,173,173,0.012672391,0.012263026
273588:4945,05/18/16 18:24:08,28,23,0.000002065,0.000001543
273589:4945,05/18/16 18:36:19,137,135,0.000008176,0.000006698
273590:4945,05/18/16 19:31:47,176,170,0.000010322,0.000009631
273591:4945,05/18/16 20:53:16,409,408,0.000014219,0.000013963
273592:4945,05/18/16 23:37:36,176,176,0.000010506,0.000010242
273593:4945,05/19/16 00:49:08,175,175,0.000005520,0.000005460
273725:4947,05/20/16 04:37:26,2474,2471,0.161993020,0.156042132
273728:4947,05/20/16 21:02:03,112,104,0.005740716,0.004936529
273730:4947,05/20/16 21:47:25,2810,2810,0.112240449,0.108984334
274094:4953,05/27/16 04:21:04,225,225,0.010213593,0.009827929
274100:4954,05/27/16 09:49:28,772,770,0.000026414,0.000025818
274102:4954,05/27/16 14:55:58,9,8,0.000000627,0.000000422
274103:4954,05/27/16 15:02:29,9,4,0.000000721,0.000000317
274142:4956,05/28/16 00:03:39,2,2,0.000173102,0
274146:4956,05/28/16 00:10:11,73,73,0.006208550,0.005422332
274157:4958,05/28/16 13:50:04,433,431,0.043152048,0.040689707
274159:4958,05/28/16 16:43:47,47,43,0.004433784,0.003593492
274160:4958,05/28/16 17:02:52,214,211,0.019584999,0.018178774
274161:4958,05/28/16 18:26:18,516,516,0.044054574,0.042544990
274172:4960,05/29/16 02:45:19,65,65,0.007141239,0.006331700
274198:4961,05/29/16 22:00:35,112,112,0.013365488,0.012189941
274199:4961,05/29/16 22:45:19,630,630,0.070122652,0.066646477
274200:4961,05/30/16 02:52:14,678,678,0.065938162,0.063979504
274240:4964,05/30/16 15:59:19,86,84,0.011191440,0.010047969
274241:4964,05/30/16 16:43:35,1180,1176,0.137665191,0.131683643
274243:4964,05/31/16 00:27:18,10,10,0.001044356,0.000852186
274244:4964,05/31/16 00:32:25,607,607,0.060177904,0.058274212
274250:4965,05/31/16 07:55:31,704,703,0.101505626,0.095683610
274251:4965,05/31/16 12:30:54,546,546,0.067563471,0.065403835
274282:4976,06/01/16 05:23:03,1,1,0.000162348,0.000155678
274283:4976,06/01/16 05:25:03,22,19,0.003555623,0.000396680
274284:4976,06/01/16 05:34:51,215,213,0.032381796,0.030004139
274285:4976,06/01/16 07:01:31,7,4,0.001010974,0.000066559
274286:4976,06/01/16 07:04:18,154,154,0.022531267,0.021565539
274314:4979,06/01/16 17:02:56,69,69,0.012684532,0.010086863
274315:4979,06/01/16 17:32:32,432,425,0.075140997,0.070057444
274316:4979,06/01/16 20:20:25,974,970,0.143324908,0.136610404
274317:4979,06/02/16 02:39:53,22,18,0.002946304,0.000314271
274318:4979,06/02/16 02:49:44,11,11,0.001467711,0.000004835
274319:4979,06/02/16 02:56:19,225,225,0.029423353,0.028457824
274335:4980,06/02/16 11:10:43,954,944,0.156251015,0.148181338
274336:4980,06/02/16 17:25:02,20,14,0.002962231,0.001802284
274337:4980,06/02/16 17:32:31,22,17,0.003243256,0.001841747
274338:4980,06/02/16 17:41:22,703,698,0.095969843,0.089906792
274339:4980,06/02/16 22:15:40,99,95,0.012509623,0.011287158
274344:4980,06/02/16 23:27:09,639,639,0.074362694,0.071146254
274345:4980,06/03/16 03:37:46,170,170,0.018443242,0.017880226
274382:4984,06/03/16 17:37:56,51,51,0.008058245,0.007500508
274387:4985,06/03/16 21:10:09,360,355,0.063778435,0.058817639
274388:4985,06/03/16 23:32:38,1820,1820,0.266131720,0.256527308
274420:4988,06/04/16 22:16:58,176,176,0.029986214,0.028364154
274421:4988,06/04/16 23:28:04,356,348,0.058970395,0.054434025
274422:4988,06/05/16 01:46:51,2207,2207,0.288627425,0.279871584
274440:4990,06/05/16 21:32:38,407,406,0.067723310,0.064168997
274441:4990,06/06/16 00:13:06,443,437,0.068510125,0.064548155
274442:4990,06/06/16 03:05:09,757,757,0.103927534,0.100006199
274443:4990,06/06/16 08:14:36,50,50,0.006386209,0.006212415
274954:5005,06/11/16 11:40:51,24,21,0.001360833,0.000974299
274955:5005,06/11/16 11:52:07,98,91,0.005444348,0.004820249
274956:5005,06/11/16 12:35:55,176,176,0.005983856,0.005869428
274957:5005,06/11/16 13:46:38,42,39,0.002275596,0.002008769
274958:5005,06/11/16 14:02:52,300,300,0.015893737,0.015191270
274959:5005,06/11/16 16:14:54,304,304,0.014633664,0.014045188
274967:5013,06/12/16 00:28:44,47,46,0.008342471,0.002552957
274968:5013,06/12/16 00:51:22,1206,1205,0.206776286,0.195698191
274969:5013,06/12/16 08:41:54,1007,1003,0.137658935,0.127759847
274970:5013,06/12/16 15:12:54,47,47,0.005763101,0.004336803
274971:5013,06/12/16 15:33:30,905,905,0.101595307,0.098459293
274998:5017,06/13/16 06:19:30,732,725,0.122789125,0.114126647
274999:5017,06/13/16 11:04:45,1257,1252,0.172086271,0.164254471
275000:5017,06/13/16 19:15:35,140,140,0.016957498,0.015947691
275001:5017,06/13/16 20:12:42,2061,2061,0.205020902,0.199684746
275059:5020,06/14/16 18:49:52,73,65,0.014458482,0.010834044
275062:5020,06/14/16 19:19:10,8,4,0.001677344,0.000064130
275063:5020,06/14/16 19:23:09,17,13,0.003547505,0.000019268
275064:5020,06/14/16 19:29:51,34,31,0.007038093,0.005918443
275066:5020,06/14/16 19:45:35,111,105,0.022386851,0.018455627
275067:5020,06/14/16 20:28:40,396,396,0.075059031,0.071620415
275068:5020,06/14/16 23:05:49,922,921,0.149901050,0.143137052
275073:5020,06/15/16 05:32:47,523,519,0.071799329,0.068508877
275074:5020,06/15/16 08:56:59,647,647,0.078909615,0.076334143
275124:5021,06/15/16 19:50:26,328,328,0.059890435,0.056673718
275125:5021,06/15/16 22:00:21,989,989,0.157464292,0.150728669
275282:5024,06/17/16 02:05:52,96,91,0.016829141,0.014901711
275283:5024,06/17/16 02:43:11,137,132,0.024451785,0.022437984
275284:5024,06/17/16 03:36:53,112,109,0.019481836,0.018040217
275285:5024,06/17/16 04:21:46,9,1,0.001550486,0.000126400
275286:5024,06/17/16 04:27:41,87,87,0.014714456,0.014083984
275289:5024,06/17/16 05:12:53,22,19,0.003649139,0.001083321
275290:5024,06/17/16 05:22:02,150,143,0.024365369,0.008030192
275291:5024,06/17/16 06:28:35,356,352,0.054777261,0.051726835
275292:5024,06/17/16 08:46:47,125,121,0.017014722,0.015676583
275293:5024,06/17/16 09:37:27,201,201,0.026155032,0.025269441
275309:5026,06/17/16 15:48:15,573,570,0.087344146,0.082747896
275310:5026,06/17/16 19:32:53,1939,1935,0.231967786,0.223928386
275311:5026,06/18/16 08:07:07,1253,1253,0.110651647,0.108015050
275319:5027,06/18/16 20:56:15,152,146,0.027849971,0.024647864
275337:5027,06/18/16 23:26:04,433,430,0.072808404,0.068989273
275338:5027,06/19/16 02:15:37,520,520,0.078279634,0.075749680
275344:5028,06/19/16 10:18:25,293,287,0.055037639,0.050722207
275345:5028,06/19/16 12:12:11,353,353,0.062652247,0.059911242
275370:5029,06/19/16 18:19:29,291,291,0.055920212,0.052091600
275371:5029,06/19/16 20:16:49,569,569,0.100184760,0.094980778
275375:5030,06/20/16 04:17:12,1327,1327,0.216056608,0.207472096
275376:5030,06/20/16 12:55:04,3096,3096,0.334800524,0.326027959
275656:5038,06/24/16 05:25:36,12,10,0.002433246,0
275657:5038,06/24/16 05:32:32,111,109,0.021298721,0.018443210
275658:5038,06/24/16 06:16:07,344,344,0.064757702,0.060098562
275659:5038,06/24/16 08:31:38,17,17,0.003062351,0.002957970
275757:5043,06/25/16 05:45:06,32,27,0.007061545,0.003363169
275758:5043,06/25/16 05:59:02,8,8,0.001745968,0.000800308
275759:5043,06/25/16 06:05:32,34,24,0.007367980,0.001208224
275761:5043,06/25/16 06:24:16,11,11,0.002346518,0.001681831
275763:5043,06/25/16 06:35:05,18,13,0.003452760,0.001642676
275764:5043,06/25/16 06:41:50,34,31,0.006362236,0.005418377
275766:5043,06/25/16 07:02:12,60,60,0.012278996,0.011290294
275767:5043,06/25/16 07:31:36,8,8,0.001611087,0.000712075
275768:5043,06/25/16 07:37:37,85,79,0.016792154,0.015004945
275772:5043,06/25/16 08:28:17,61,61,0.011821780,0.010451059
275773:5043,06/25/16 08:53:33,21,12,0.004000320,0.001193548
275774:5043,06/25/16 09:01:55,317,316,0.059075303,0.055616598
275776:5043,06/25/16 11:11:23,149,143,0.026301200,0.023487065
275777:5043,06/25/16 12:12:24,304,304,0.051032323,0.048382200
275778:5043,06/25/16 14:13:15,319,319,0.050004335,0.046162239
275781:5043,06/25/16 16:30:06,34,30,0.005089546,0.004195175
275782:5043,06/25/16 16:44:49,762,762,0.104492653,0.100581909
275828:5045,06/26/16 17:40:15,82,81,0.018204709,0.011230380
275829:5045,06/26/16 18:15:13,47,45,0.010912175,0.007232330
275831:5045,06/26/16 18:38:54,99,93,0.022410045,0.016447405
275832:5045,06/26/16 19:18:04,371,371,0.079108510,0.073405157
275833:5045,06/26/16 21:45:07,254,254,0.049723702,0.047373754
275834:5045,06/26/16 23:26:02,303,297,0.055576256,0.052459222
275835:5045,06/27/16 01:24:23,20,13,0.003530158,0.002089769
275836:5045,06/27/16 01:32:00,1306,1300,0.199235691,0.188526499
275837:5045,06/27/16 09:59:11,715,715,0.086791850,0.084175665
275841:5045,06/27/16 15:17:37,60,51,0.006641017,0.005386022
275846:5045,06/27/16 15:53:32,8,6,0.000874240,0.000605371
275847:5045,06/27/16 15:59:22,2263,2263,0.205471945,0.200568283
275886:5048,06/28/16 10:39:25,56,56,0.012283032,0.009056676
275887:5048,06/28/16 11:06:36,48,48,0.010251500,0.009297092
275890:5048,06/28/16 11:27:45,1393,1393,0.247481113,0.237643512
275911:5052,06/29/16 03:49:35,384,383,0.078633631,0.074358623
275912:5052,06/29/16 06:21:23,303,297,0.057160526,0.052522090
275913:5052,06/29/16 08:19:55,484,480,0.082897181,0.077387909
275918:5052,06/29/16 11:29:20,369,363,0.057542356,0.054496958
275920:5052,06/29/16 13:54:52,472,472,0.066187039,0.061815814
275921:5052,06/29/16 16:59:30,32,27,0.004313748,0.002717751
275922:5052,06/29/16 17:12:00,8,8,0.001073397,0.000276800
275923:5052,06/29/16 17:16:55,137,135,0.018095419,0.016052317
275931:5052,06/29/16 18:34:22,89,89,0.011329903,0.011009937
275963:5056,06/30/16 03:02:54,91,91,0.021097372,0.019993048
276062:5059,06/30/16 21:07:15,9,9,0.001944640,0.000040676
276063:5059,06/30/16 21:14:02,9,4,0.001966728,0.000015901
276064:5059,06/30/16 21:18:44,34,28,0.007385977,0.000109687
276092:5060,07/01/16 04:14:32,80,80,0.016851695,0.014927815
276095:5060,07/01/16 04:56:43,8,5,0.001772497,0.000218454
276097:5060,07/01/16 05:07:31,507,507,0.104680330,0.100454353
276242:5069,07/02/16 16:05:34,1669,1669,0.290041622,0.275436525
276243:5069,07/03/16 02:56:20,627,627,0.085758124,0.078803896
276244:5069,07/03/16 07:03:30,1202,1202,0.138837520,0.133636511
276282:5071,07/03/16 20:15:01,1077,1071,0.218716681,0.208243301
276283:5071,07/04/16 03:13:27,1087,1087,0.175660442,0.168603350
276315:5072,07/04/16 13:19:05,188,182,0.038832384,0.034816287
276317:5072,07/04/16 14:32:52,147,140,0.029807500,0.026592538
276318:5072,07/04/16 15:29:46,577,577,0.104476370,0.099354574
276326:5072,07/04/16 19:17:10,9,5,0.001542152,0.000000003
276327:5072,07/04/16 19:27:44,60,60,0.010126340,0.009877950
276352:5073,07/04/16 23:20:20,47,40,0.010188197,0.007771397
276355:5073,07/04/16 23:39:48,34,33,0.006761664,0.006271040
276357:5073,07/05/16 00:00:34,74,74,0.015856931,0.015174304
276361:5073,07/05/16 00:36:15,844,840,0.160699338,0.152740040
276363:5073,07/05/16 06:07:36,1489,1483,0.219369984,0.208782605
276384:5073,07/05/16 15:46:43,1117,1117,0.126291957,0.122563645
276437:5076,07/06/16 04:58:47,2147,2140,0.377358201,0.360418730
276453:5076,07/06/16 19:12:52,122,122,0.016556170,0.016042276
276454:5076,07/06/16 20:08:15,527,527,0.066435608,0.064517147
276458:5076,07/07/16 04:00:22,341,341,0.034238035,0.033452613
276495:5078,07/07/16 13:20:57,193,187,0.042769815,0.038488031
276501:5078,07/07/16 14:46:30,2556,2551,0.422960371,0.405862884
276502:5078,07/08/16 07:20:54,741,741,0.088980130,0.086178508
276525:5080,07/08/16 16:14:55,2818,2812,0.425211786,0.409597283
276527:5080,07/09/16 10:34:41,214,214,0.023371639,0.022643718
276528:5080,07/09/16 12:00:39,394,394,0.040052211,0.038702583
276542:5083,07/09/16 18:32:22,785,784,0.157981472,0.150098805
276543:5083,07/09/16 23:39:40,961,959,0.157182526,0.149648537
276544:5083,07/10/16 05:53:24,163,161,0.023541266,0.022197194
276545:5083,07/10/16 06:59:01,213,213,0.028807285,0.027687228
276581:5085,07/10/16 14:24:16,369,369,0.078584933,0.074866909
276582:5085,07/10/16 16:52:29,873,873,0.157188413,0.151514659
276583:5085,07/10/16 22:34:28,60,56,0.009614796,0.007915070
276584:5085,07/10/16 22:59:17,2,2,0.000319045,0.000174379
276585:5085,07/10/16 23:31:21,253,246,0.038388804,0.035229364
276586:5085,07/11/16 01:10:08,760,752,0.102328553,0.097861972
276587:5085,07/11/16 06:13:21,1006,1006,0.112642493,0.108607793
276653:5091,07/12/16 02:12:31,491,484,0.092765056,0.087327133
276655:5091,07/12/16 05:26:27,1114,1106,0.174900038,0.163194500
276659:5091,07/12/16 12:39:13,252,252,0.033318454,0.030465786
276775:5093,07/12/16 23:26:20,1174,1165,0.222366754,0.209558613
276776:5093,07/13/16 07:02:29,1823,1823,0.246879948,0.238494780
276794:5093,07/13/16 19:05:19,885,885,0.090241067,0.087941957
276807:5095,07/14/16 05:24:10,162,160,0.034115160,0.030768741
276808:5095,07/14/16 06:28:59,883,877,0.167212332,0.159470572
276810:5095,07/14/16 12:15:44,291,288,0.047789946,0.045167887
276811:5095,07/14/16 14:15:34,2563,2563,0.314203317,0.304356839
276831:5096,07/15/16 09:47:46,2648,2644,0.422163996,0.404186095
276832:5096,07/16/16 03:12:13,73,67,0.008462707,0.007538155
276834:5096,07/16/16 03:42:10,729,724,0.077121641,0.073217236
276836:5096,07/16/16 08:31:13,21,15,0.002082271,0.000000503
276837:5096,07/16/16 08:40:07,40,40,0.003941438,0.000001360
276870:5097,07/16/16 13:02:01,3407,3407,0.552492040,0.532262550
276935:5101,07/18/16 01:39:55,828,828,0.182259351,0.172654821
276940:5102,07/18/16 10:13:36,145,144,0.034563730,0.029025451
276941:5102,07/18/16 11:12:22,21,18,0.005054578,0.000541124
276942:5102,07/18/16 11:22:39,15,14,0.003586283,0.000522352
276944:5102,07/18/16 11:40:26,21,15,0.004934480,0.000638163
276945:5102,07/18/16 11:49:15,8,6,0.001864317,0.000187861
276946:5102,07/18/16 11:56:36,34,27,0.007836890,0.004299742
276947:5102,07/18/16 12:11:19,150,141,0.033502408,0.024873114
276948:5102,07/18/16 13:09:47,481,475,0.097896925,0.086854899
276950:5102,07/18/16 16:16:45,2353,2353,0.340675434,0.326195781
277069:5105,07/19/16 19:52:15,314,311,0.081222675,0.076408143
277070:5105,07/19/16 21:54:11,1063,1060,0.220774318,0.208687486
277071:5105,07/20/16 04:48:37,178,178,0.030782089,0.027789488
277072:5105,07/20/16 06:01:41,484,475,0.075353299,0.070132686
277073:5105,07/20/16 09:09:53,98,91,0.014438663,0.012867861
277075:5105,07/20/16 09:49:09,9,9,0.001297355,0.000001506
277076:5105,07/20/16 09:55:58,1037,1037,0.132706716,0.127332788
277087:5105,07/20/16 19:46:15,996,996,0.090947919,0.087693735
277093:5106,07/21/16 06:01:03,3,3,0.000808307,0
277094:5106,07/21/16 06:03:56,598,590,0.141639104,0.133062583
277096:5106,07/21/16 09:56:14,2093,2086,0.337670266,0.323779500
277112:5106,07/21/16 23:29:34,155,155,0.018210637,0.017565889
277126:5107,07/22/16 03:36:48,19,18,0.004631794,0.001989961
277127:5107,07/22/16 03:46:10,902,902,0.193692899,0.186194941
277148:5108,07/22/16 12:31:04,633,628,0.138872723,0.129584055
277166:5109,07/22/16 20:10:23,357,355,0.075812407,0.071423448
277168:5109,07/22/16 22:34:53,2223,2223,0.334324712,0.322020906
277180:5110,07/23/16 15:37:57,141,141,0.034065290,0.031605772
277194:5111,07/23/16 20:25:08,1954,1954,0.393460580,0.371051725
277202:5111,07/24/16 09:54:10,522,522,0.071459587,0.066772604
277217:5112,07/24/16 16:03:20,16,1,0.002922425,0.000024780
277218:5112,07/24/16 16:16:32,134,131,0.035813073,0.031495250
277219:5112,07/24/16 17:08:26,10,10,0.002573853,0.001364587
277220:5112,07/24/16 17:15:00,210,210,0.051572665,0.048113015
277305:5116,07/25/16 03:23:14,683,683,0.164878863,0.156008009
277420:5117,07/25/16 21:44:15,263,263,0.065979839,0.061594068
277932:5149,08/01/16 04:59:59,18,13,0.000003876,0.000000297
277934:5149,08/01/16 05:26:03,8,5,0.000001653,0.000000861
277935:5149,08/01/16 05:29:09,128,128,0.000021531,0.000021071
277981:5151,08/01/16 13:52:59,82,77,0.005296038,0.004547745
277982:5151,08/01/16 14:25:11,150,146,0.004798370,0.004294524
277983:5151,08/01/16 15:23:55,21,12,0.001276458,0.000154950
277984:5151,08/01/16 15:32:00,29,25,0.001758552,0.000869314
277985:5151,08/01/16 15:49:51,8,7,0.000481995,0.000077108
277990:5151,08/01/16 16:13:05,201,196,0.011864014,0.009854121
277991:5151,08/01/16 17:43:56,98,90,0.005639201,0.004650077
277992:5151,08/01/16 18:22:25,312,312,0.017487745,0.016618838
278017:5154,08/02/16 01:26:43,524,520,0.136776761,0.127003362
278018:5154,08/02/16 04:52:01,1181,1181,0.231761555,0.220374645
278167:5161,08/03/16 20:39:02,2174,2172,0.332271164,0.317656008
278175:5161,08/04/16 10:44:58,88,88,0.009356528,0.009121977
278193:5162,08/04/16 14:31:44,155,155,0.036753241,0.034971066
278239:5163,08/05/16 01:23:01,679,676,0.146337729,0.134595555
278240:5163,08/05/16 05:46:54,1309,1309,0.208531488,0.199813919
278273:5169,08/05/16 19:37:20,40,40,0.008171111,0.005915095
278274:5169,08/05/16 19:55:42,85,85,0.019782256,0.018218056
278288:5170,08/05/16 23:11:12,18,15,0.004236722,0.002906664
278289:5170,08/05/16 23:18:02,60,55,0.013505977,0.009766308
278290:5170,08/05/16 23:42:34,11,11,0.002643740,0.002448792
278308:5173,08/06/16 15:00:39,1799,1795,0.341610956,0.323203564
278309:5173,08/07/16 02:39:30,21,14,0.002991127,0.001342440
278310:5173,08/07/16 02:47:36,709,709,0.092298489,0.089216197
278315:5179,08/07/16 12:56:52,695,695,0.151688994,0.139344230
278345:5181,08/08/16 02:13:39,750,750,0.165945436,0.152163934
278346:5181,08/08/16 07:08:15,150,141,0.028572227,0.022486479
278349:5181,08/08/16 08:27:06,639,635,0.103891617,0.098082774
278366:5181,08/08/16 12:36:47,453,453,0.062155739,0.059965424
278406:5183,08/08/16 19:15:50,1598,1598,0.316402920,0.300244236
278509:5187,08/09/16 20:29:15,1467,1467,0.297804396,0.276277382
278761:5194,08/13/16 00:39:37,10,10,0.000002164,0.000001862
278769:5197,08/13/16 08:38:56,37,31,0.009725139,0.007290296
278770:5197,08/13/16 08:54:00,767,767,0.172788929,0.165550062
278801:5198,08/13/16 16:43:37,45,42,0.012090862,0.007893317
278802:5198,08/13/16 17:01:05,21,17,0.004822326,0.001725289
278803:5198,08/13/16 17:10:53,330,323,0.081012943,0.072484096
278804:5198,08/13/16 19:20:06,8,5,0.001837694,0.000755143
278805:5198,08/13/16 19:23:10,291,288,0.063380915,0.057104764
278806:5198,08/13/16 21:16:49,6,2,0.001248145,0.000000270
278807:5198,08/13/16 21:19:09,8,7,0.001643719,0.000005551
278808:5198,08/13/16 21:25:19,1793,1793,0.283077268,0.272532778
278820:5199,08/14/16 13:00:51,1524,1524,0.302396577,0.289436862
278821:5199,08/14/16 23:34:57,46,38,0.006874352,0.004667482
278822:5199,08/14/16 23:52:47,1627,1627,0.199018810,0.192814295
278873:5205,08/16/16 01:25:45,67,60,0.012467992,0.002032904
278874:5205,08/16/16 01:51:53,484,484,0.089088337,0.082659432
278875:5205,08/16/16 05:01:20,834,834,0.121563483,0.116011101
278923:5206,08/16/16 14:16:32,413,413,0.104061633,0.099646041
278957:5209,08/16/16 23:31:36,149,149,0.038154004,0.036574296
278962:5210,08/17/16 03:08:31,351,348,0.084959954,0.076813045
278963:5210,08/17/16 05:24:57,175,175,0.039176890,0.037662842
278969:5211,08/17/16 09:16:52,1396,1396,0.300308543,0.286280700
278975:5211,08/17/16 18:23:16,857,854,0.128052675,0.121101529
278976:5211,08/17/16 23:58:16,20,20,0.002678462,0.002577860
278986:5213,08/18/16 06:02:59,129,129,0.034035976,0.031910669
279024:5219,08/19/16 00:31:53,301,301,0.052734374,0.050088376
279029:5219,08/19/16 04:19:40,260,260,0.040451141,0.038452135
279071:5222,08/19/16 17:40:07,174,174,0.023702023,0.022788491
279080:5223,08/20/16 00:42:50,157,157,0.013339325,0.012876333
279115:5229,08/21/16 00:08:09,407,407,0.088522114,0.085189739
279116:5229,08/21/16 03:36:03,448,448,0.095442823,0.091582776
279473:5246,08/25/16 02:12:21,237,237,0.000027954,0.000000010
279479:5247,08/25/16 06:33:24,105,105,0.006335007,0.005993889
279480:5247,08/25/16 07:16:39,9,9,0.000016369,0.000000529
279488:5247,08/25/16 08:36:50,34,34,0.000037926,0.000029826
279489:5247,08/25/16 08:52:11,118,118,0.000140317,0.000129340
279588:5251,08/25/16 23:08:11,1160,1160,0.239315562,0.230879394
279653:5253,08/26/16 16:05:05,194,194,0.048921264,0.045182947
279654:5253,08/26/16 17:21:58,1254,1246,0.252470955,0.243089495
279656:5253,08/27/16 01:49:40,49,49,0.007732698,0.005736806
279658:5253,08/27/16 03:35:19,713,713,0.097035849,0.094227310
279667:5254,08/27/16 11:08:23,966,966,0.218139226,0.210966708
279681:5256,08/27/16 23:57:02,35,28,0.008364055,0.006746151
279682:5256,08/28/16 00:11:02,47,47,0.012396993,0.007864511
279683:5256,08/28/16 00:32:16,34,31,0.008833278,0.006434360
279684:5256,08/28/16 00:46:58,34,30,0.008630114,0.005362302
279685:5256,08/28/16 01:07:12,209,209,0.050816048,0.049187554
279691:5257,08/28/16 05:41:26,54,50,0.013428871,0.009765373
279694:5257,08/28/16 06:03:09,2235,2235,0.422637127,0.410524768
279715:5258,08/29/16 00:01:34,621,621,0.144521871,0.138882193
279716:5258,08/29/16 04:17:06,1653,1653,0.267561030,0.260669428
279760:5261,08/29/16 22:21:24,739,733,0.178443185,0.156636247
279766:5261,08/30/16 03:08:36,1694,1690,0.279515063,0.270889647
279767:5261,08/30/16 14:08:03,776,776,0.092636863,0.090583908
279794:5264,08/31/16 01:41:02,1024,1024,0.232460796,0.225486947
279823:5265,08/31/16 12:00:39,335,335,0.085329204,0.082750019
279841:5266,08/31/16 17:23:17,2048,2048,0.398522871,0.386037353
279844:5267,09/01/16 09:21:16,233,224,0.062263039,0.057240986
279887:5270,09/02/16 01:20:52,319,319,0.078037606,0.074126575
279931:5274,09/02/16 13:37:39,2939,2939,0.495791565,0.480515778
279966:5275,09/03/16 11:20:25,363,363,0.098086749,0.094085114
279975:5276,09/03/16 16:45:09,1052,1052,0.257433648,0.248181070
279993:5277,09/04/16 02:23:27,79,78,0.021506707,0.018287474
279994:5277,09/04/16 02:56:48,59,54,0.016571493,0.012524966
279995:5277,09/04/16 03:20:34,21,15,0.005747523,0.001263626
280001:5277,09/04/16 03:43:15,8,8,0.002135028,0
280002:5277,09/04/16 03:55:31,111,106,0.029083993,0.027331986
280006:5277,09/04/16 04:44:22,73,68,0.018166115,0.016230965
280007:5277,09/04/16 05:14:22,36,36,0.008775127,0.008439803
280013:5277,09/04/16 05:35:47,34,32,0.008060322,0.005697175
280014:5277,09/04/16 05:49:29,8,5,0.001884245,0.000009976
280015:5277,09/04/16 05:55:19,584,580,0.123361222,0.118000720
280016:5277,09/04/16 09:42:16,163,155,0.030375991,0.026838406
280017:5277,09/04/16 10:45:47,613,613,0.102625897,0.098921384
280018:5277,09/04/16 14:47:05,1282,1282,0.164850851,0.160429977
280019:5277,09/04/16 23:08:52,8,6,0.000830962,0.000000011
280020:5277,09/04/16 23:15:15,47,45,0.005040703,0.004651996
280021:5277,09/04/16 23:35:30,8,5,0.000853890,0.000000074
280022:5277,09/04/16 23:39:49,7,2,0.000744704,0.000000041
280023:5277,09/04/16 23:42:33,8,6,0.000850003,0.000008516
280024:5277,09/04/16 23:47:39,427,427,0.042966907,0.042184958
280187:5279,09/05/16 22:24:23,67,60,0.017621742,0.013371081
280188:5279,09/05/16 22:50:25,253,250,0.066904222,0.062262210
280189:5279,09/06/16 00:28:31,8,6,0.002021755,0.000000023
280190:5279,09/06/16 00:34:14,9,6,0.002236422,0.000009563
280191:5279,09/06/16 00:40:17,909,907,0.189704600,0.180986356
280192:5279,09/06/16 07:08:55,9,4,0.001623527,0.000000018
280194:5279,09/06/16 07:36:21,238,238,0.038265302,0.037123022
280242:5282,09/06/16 17:43:40,639,630,0.158645872,0.149796661
280249:5282,09/06/16 21:52:07,1437,1435,0.250281958,0.241480183
280251:5282,09/07/16 07:14:58,372,372,0.048992107,0.047723776
280327:5287,09/08/16 10:23:13,50,44,0.012070167,0.008819257
280330:5287,09/08/16 10:46:53,870,862,0.197492384,0.187767451
280349:5287,09/08/16 16:27:22,639,629,0.111709390,0.105813896
280361:5287,09/08/16 20:35:43,10,10,0.001546569,0.000000003
280363:5287,09/08/16 20:47:24,367,360,0.053311148,0.050468859
280364:5287,09/08/16 23:09:57,1352,1352,0.162637202,0.156722260
280383:5288,09/09/16 10:41:13,10,9,0.002775153,0.000250886
280384:5288,09/09/16 10:48:48,47,40,0.012076700,0.007897894
280385:5288,09/09/16 11:11:36,2022,2022,0.384389912,0.369215311
281613:5331,09/25/16 08:03:32,803,803,0.011599847,0.009854551
281616:5332,09/25/16 16:15:47,354,354,0.008566037,0.007844691
281638:5338,09/26/16 09:34:44,23,23,0.003989862,0.000155373
281639:5338,09/26/16 09:45:13,136,132,0.021083742,0.019206349
281641:5338,09/26/16 11:34:34,319,319,0.041453982,0.039703345
281663:5339,09/26/16 16:41:19,114,111,0.034239108,0.030553040
281671:5339,09/26/16 17:31:29,8,7,0.002412822,0.000002731
281674:5339,09/26/16 17:37:18,47,46,0.013835021,0.012611150
281680:5339,09/26/16 18:02:31,34,31,0.009877986,0.008149344
281685:5339,09/26/16 18:20:50,8,3,0.002273112,0.000000002
281686:5339,09/26/16 18:25:01,21,21,0.005866856,0.005298400
281689:5339,09/26/16 18:39:36,9,9,0.002475940,0.001554502
281691:5339,09/26/16 18:48:30,21,16,0.005702026,0.003623781
281693:5339,09/26/16 18:57:00,2191,2191,0.392769988,0.379849392
281707:5340,09/27/16 11:47:29,970,969,0.230153102,0.220142035
281726:5340,09/27/16 18:14:38,291,289,0.052091087,0.049834009
281727:5340,09/27/16 20:10:03,1605,1605,0.209736412,0.203808379
281797:5345,09/28/16 14:04:48,2052,2052,0.416945918,0.401981324
281974:5351,09/30/16 05:20:01,5,5,0.001546861,0
281975:5351,09/30/16 05:23:12,215,215,0.059112937,0.054587501
281976:5351,09/30/16 06:48:03,2166,2166,0.356897527,0.343304198
282033:5352,09/30/16 23:30:43,43,40,0.011104331,0.008351862
282034:5352,09/30/16 23:48:05,35,35,0.010009227,0.008733301
282035:5352,10/01/16 00:03:01,47,42,0.012980989,0.009514642
282037:5352,10/01/16 00:24:14,1862,1862,0.349099353,0.334932328
282092:5355,10/02/16 15:49:37,2185,2185,0.408019230,0.394935066
282663:5386,10/08/16 18:49:18,1010,1010,0.010012672,0.009547295
282707:5391,10/09/16 10:36:05,5,4,0.001606016,0.000000622
282708:5391,10/09/16 10:39:30,8,8,0.002529322,0.002144558
282709:5391,10/09/16 10:45:16,8,5,0.001397309,0.000000743
282710:5391,10/09/16 10:49:08,9,9,0.002750876,0.000350704
282711:5391,10/09/16 10:54:49,8,6,0.002438990,0.000004267
282712:5391,10/09/16 11:00:13,68,68,0.020154334,0.019189111
282730:5393,10/09/16 14:41:53,83,79,0.024748320,0.020631795
282731:5393,10/09/16 15:13:59,176,175,0.052016359,0.048048286
282732:5393,10/09/16 16:23:16,73,72,0.020109356,0.018281462
282733:5393,10/09/16 16:52:26,178,178,0.045598421,0.043632314
282734:5393,10/09/16 18:03:11,330,329,0.074523498,0.071211184
282735:5393,10/09/16 20:12:39,1823,1823,0.280527990,0.272048477
282799:5394,10/10/16 16:12:53,8,3,0.002446862,0.000000189
282800:5394,10/10/16 16:17:15,382,381,0.099596522,0.094644857
282807:5394,10/10/16 18:48:03,330,328,0.076134671,0.071321820
282814:5394,10/10/16 20:58:58,1843,1843,0.287645141,0.278819558
282842:5395,10/11/16 12:34:00,80,80,0.024793098,0.023797366
282917:5401,10/12/16 03:27:07,85,82,0.022108953,0.018175426
282918:5401,10/12/16 04:00:22,59,56,0.015697498,0.013025009
282919:5401,10/12/16 04:23:36,243,243,0.060010505,0.057863735
282922:5401,10/12/16 07:09:33,137,137,0.028881577,0.025785002
282923:5401,10/12/16 08:04:20,229,229,0.044855146,0.041474295
282924:5401,10/12/16 09:34:42,1,1,0.000181858,0.000170221
283042:5405,10/13/16 00:38:59,10,10,0.002704425,0.001435533
283043:5405,10/13/16 00:44:16,519,519,0.123757476,0.117972506
283049:5406,10/13/16 07:05:17,17,17,0.005584502,0.003171817
283050:5406,10/13/16 07:13:23,227,221,0.067069855,0.058639575
283052:5406,10/13/16 08:45:19,124,120,0.034002511,0.029110576
283059:5406,10/13/16 10:00:56,458,451,0.105776147,0.099841264
283270:5416,10/14/16 20:39:48,1838,1837,0.399686187,0.385521210
283283:5416,10/15/16 08:35:59,1748,1748,0.204630501,0.199136156
283305:5418,10/15/16 23:41:13,15,11,0.003823584,0.001407942
283306:5418,10/15/16 23:46:57,291,291,0.081714901,0.077780643
283307:5418,10/16/16 01:43:44,461,461,0.107440707,0.101384034
283308:5418,10/16/16 04:46:26,971,971,0.172092282,0.165580590
283353:5421,10/16/16 21:55:17,753,750,0.202579180,0.193296966
283358:5421,10/17/16 02:50:19,986,982,0.184176578,0.174193231
283359:5421,10/17/16 09:15:19,428,428,0.062846963,0.061358758
283407:5423,10/17/16 23:54:07,43,39,0.014382531,0.009938879
283408:5423,10/18/16 00:10:43,2356,2356,0.479956914,0.461855534
283413:5423,10/18/16 16:42:16,8,7,0.000966280,0.000005094
283415:5423,10/18/16 16:51:34,7,6,0.000860161,0.000004324
283416:5423,10/18/16 16:57:30,245,245,0.028508121,0.022130105
283453:5424,10/18/16 21:07:49,455,455,0.130170528,0.124741121
283469:5426,10/19/16 03:09:36,1,1,0.000336328,0.000031461
283478:5427,10/19/16 06:13:19,898,894,0.227266275,0.218088870
283548:5433,10/20/16 00:58:16,148,146,0.028243729,0.026583803
283672:5437,10/21/16 03:12:40,3,0,0.000894842,0
283675:5437,10/21/16 03:25:47,60,55,0.015822503,0.000049335
283676:5437,10/21/16 03:51:54,47,40,0.013030653,0.000025285
283680:5437,10/21/16 05:17:51,87,87,0.021364637,0.019145319
283681:5437,10/21/16 05:56:07,23,23,0.005479847,0.003854775
283682:5437,10/21/16 06:08:38,389,384,0.084335331,0.080903225
283685:5437,10/21/16 08:39:38,314,314,0.021584449,0.020476214
283820:5439,10/21/16 22:48:18,1486,1482,0.271103506,0.261598727
283830:5439,10/22/16 08:27:24,729,722,0.106986194,0.103188837
283834:5439,10/22/16 13:11:28,85,82,0.010852824,0.009088268
283835:5439,10/22/16 13:45:28,112,112,0.013217799,0.011410360
283863:5441,10/22/16 19:15:48,20,14,0.006289873,0.000009426
283865:5441,10/22/16 19:30:09,1177,1177,0.276459279,0.267265935
283876:5442,10/23/16 05:38:50,672,668,0.175560520,0.165629295
283877:5442,10/23/16 09:59:53,1496,1496,0.256054873,0.248062170
283884:5443,10/24/16 01:44:05,408,408,0.108996968,0.103096196
283885:5443,10/24/16 04:25:30,1723,1723,0.301835544,0.293297335
283933:5446,10/24/16 20:32:31,153,148,0.045122273,0.040818835
283934:5446,10/24/16 21:33:15,1291,1291,0.288898575,0.278294388
283946:5448,10/25/16 09:30:41,1378,1378,0.315329684,0.303446667
283964:5448,10/25/16 18:29:30,388,388,0.061117188,0.059246802
284006:5450,10/26/16 03:53:26,322,321,0.061062125,0.058267372
284014:5450,10/26/16 05:59:16,266,266,0.049611443,0.048298876
284025:5451,10/26/16 10:56:20,54,52,0.014487282,0.012336625
284029:5451,10/26/16 11:19:00,112,112,0.032150210,0.030294679
284035:5451,10/26/16 12:04:52,369,361,0.093723746,0.088596369
284036:5451,10/26/16 14:28:09,356,349,0.077637698,0.072473292
284037:5451,10/26/16 16:48:03,343,341,0.065542847,0.063010360
284038:5451,10/26/16 19:02:16,60,55,0.010679312,0.009192519
284039:5451,10/26/16 19:27:02,34,30,0.005942863,0.004843458
284040:5451,10/26/16 19:42:18,35,35,0.006049726,0.005499267
284041:5451,10/26/16 19:59:11,47,45,0.007784569,0.006876669
284042:5451,10/26/16 20:23:53,137,129,0.022043813,0.019884807
284043:5451,10/26/16 21:17:23,227,225,0.033783793,0.032003512
284044:5451,10/26/16 22:46:05,30,30,0.004412021,0.004325715
285479:5519,11/18/16 05:13:39,8,4,0,0
285480:5519,11/18/16 05:17:12,797,797,0.000000030,0.000000030
285505:5520,11/18/16 16:00:07,435,435,0.000001512,0.000001468
285517:5521,11/18/16 22:53:46,1477,1477,0.000009745,0.000009601
285530:5522,11/19/16 13:43:07,1474,1474,0.000012038,0.000011803
285537:5523,11/20/16 02:32:12,258,252,0.000003333,0.000002965
285538:5523,11/20/16 04:14:09,124,121,0.000001337,0.000001216
285539:5523,11/20/16 05:04:37,751,751,0.000005808,0.000005690
285549:5524,11/20/16 20:39:41,303,303,0.000003675,0.000003597
285684:5526,11/22/16 04:03:21,1121,1121,0.000005218,0.000005024
285718:5527,11/22/16 14:36:04,202,199,0.000002584,0.000002450
285726:5527,11/22/16 18:34:21,481,481,0.000003625,0.000003516
285750:5533,11/23/16 12:44:47,1239,1239,0.000010817,0.000010545
285759:5534,11/24/16 01:44:02,397,397,0.000004225,0.000004131
285832:5538,11/25/16 01:56:59,1479,1479,0.000000629,0.000000610
285952:5545,11/26/16 13:36:36,11,6,0,0
285953:5545,11/26/16 13:40:43,9,4,0,0
285954:5545,11/26/16 13:43:59,21,18,0.000000001,0
285955:5545,11/26/16 13:53:40,9,7,0,0
285956:5545,11/26/16 13:58:58,36,36,0.000000002,0.000000002
285975:5546,11/26/16 18:35:03,383,383,0.000001240,0.000001169
285993:5547,11/26/16 23:49:59,1042,1038,0.000006967,0.000006678
285994:5547,11/27/16 06:34:42,47,41,0.000000188,0.000000102
285995:5547,11/27/16 06:52:55,105,105,0.000000395,0.000000242
286009:5549,11/27/16 12:10:01,222,220,0.000002347,0.000002269
286010:5549,11/27/16 13:37:38,1179,1179,0.000006245,0.000006153
286023:5550,11/28/16 00:21:10,788,788,0.000006812,0.000006679
286031:5552,11/28/16 09:26:21,254,248,0.000002882,0.000002749
286033:5552,11/28/16 11:05:34,98,96,0.000000886,0.000000844
286034:5552,11/28/16 11:48:18,710,710,0.000004138,0.000004070
286051:5553,11/28/16 22:43:34,351,346,0.000003892,0.000003733
286054:5553,11/29/16 00:59:41,638,638,0.000004062,0.000003998
286069:5554,11/29/16 07:42:10,362,362,0.000003795,0.000003701
286070:5554,11/29/16 10:04:35,99,99,0.000000776,0.000000757
286178:5558,11/30/16 04:02:43,598,598,0.000005120,0.000004967
286200:5559,11/30/16 12:46:41,99,92,0.000001881,0.000001578
286201:5559,11/30/16 13:25:48,137,134,0.000002277,0.000002171
286288:5562,12/01/16 00:27:17,31,31,0.000000590,0.000000561
286301:5563,12/01/16 04:06:42,425,425,0.000005774,0.000005601
286302:5563,12/01/16 06:55:08,331,331,0.000002949,0.000002901
286309:5563,12/01/16 10:43:58,21,15,0.000000124,0.000000084
286314:5563,12/01/16 11:32:52,120,120,0.000000629,0.000000622
286327:5564,12/01/16 15:14:37,31,31,0.000000426,0.000000372
286328:5564,12/01/16 15:28:10,7,1,0.000000117,0
286329:5564,12/01/16 15:30:36,122,122,0.000001901,0.000001869
286365:5565,12/01/16 19:51:37,603,603,0.000007675,0.000007532
286420:5568,12/02/16 15:01:57,21,15,0.000000364,0.000000147
286422:5568,12/02/16 15:11:54,21,20,0.000000359,0.000000187
286424:5568,12/02/16 15:27:30,8,5,0.000000131,0
286425:5568,12/02/16 15:31:56,863,863,0.000009019,0.000008880
286441:5569,12/03/16 00:10:48,13,12,0.000000202,0.000000111
286442:5569,12/03/16 00:18:01,461,461,0.000006562,0.000006351
286450:5570,12/03/16 08:06:18,932,932,0.000010579,0.000010282
286471:5571,12/03/16 16:49:36,820,820,0.000009861,0.000009658
286496:5573,12/04/16 02:01:30,334,334,0.000005027,0.000004896
#Summary:
#nfill,nrun,nls,ncms,totdelivered(/fb),totrecorded(/fb)
#194,624,276619,275194,39.326731261,37.167644722
#Check JSON:
#(run,ls) in json but not in results: []
